"ROMStart","ROMEnd","SpanBytes","AssetBytes","SourceLine","Label","Asset"
"0x001FEC","0x00226C","640","640","3198","SineTable","Levels/Misc/sine.bin"
"0x0022C8","0x0023CA","258","258","3266","ArcTanTable","Levels/Misc/arctan.bin"
"0x003C78","0x003CE8","112","112","5328","Pal_Title","General/Title/Palettes/S3.bin"
"0x003CE8","0x003D08","32","32","5331","Pal_TitleSonic1","General/Title/Palettes/S3 Sonic 1.bin"
"0x003D08","0x003D28","32","32","5334","Pal_TitleSonic2","General/Title/Palettes/S3 Sonic 2.bin"
"0x003D28","0x003D48","32","32","5337","Pal_TitleSonic3","General/Title/Palettes/S3 Sonic 3.bin"
"0x003D48","0x003D68","32","32","5340","Pal_TitleSonic4","General/Title/Palettes/S3 Sonic 4.bin"
"0x003D68","0x003D88","32","32","5343","Pal_TitleSonic5","General/Title/Palettes/S3 Sonic 5.bin"
"0x003D88","0x003DA8","32","32","5346","Pal_TitleSonic6","General/Title/Palettes/S3 Sonic 6.bin"
"0x003DA8","0x003DC8","32","32","5349","Pal_TitleSonic7","General/Title/Palettes/S3 Sonic 7.bin"
"0x003DC8","0x003DE8","32","32","5352","Pal_TitleSonic8","General/Title/Palettes/S3 Sonic 8.bin"
"0x003DE8","0x003E08","32","32","5355","Pal_TitleSonic9","General/Title/Palettes/S3 Sonic 9.bin"
"0x003E08","0x003E28","32","32","5358","Pal_TitleSonicA","General/Title/Palettes/S3 Sonic A.bin"
"0x003E28","0x003E48","32","32","5361","Pal_TitleSonicB","General/Title/Palettes/S3 Sonic B.bin"
"0x003E48","0x003E88","64","64","5364","Pal_TitleSonicC","General/Title/Palettes/S3 Sonic C.bin"
"0x003E88","0x003F08","128","128","5367","Pal_TitleSonicD","General/Title/Palettes/S3 Sonic D.bin"
"0x003FD4","0x003FF4","32","32","5432","Pal_TitleWaterRot","General/Title/Palettes/S3 Water Anim.bin"
"0x004362","0x0045C4","610","610","5675","ArtNem_TitleScreenText","General/Title/Nemesis Art/S3 Screen Text.nem"
"0x005092","0x0050B2","32","32","6459","Pal_Level_2P","Levels/Misc/Palettes/2P Level Secondary.bin"
"0x0051D6","0x005216","64","64","6610","StartingWaterHeights","Levels/Misc/StartingWaterHeights.bin"
"0x005A20","0x005E20","1024","1024","7494","S2_DemoDat_AIZ","Levels/AIZ/Demodata/1 Proto.bin"
"0x0070BC","0x00729C","480","480","9107","Pal_S2LevelIcons","General/S2Menu/Palettes/Level Select Icons.bin"
"0x00729C","0x0072EE","82","82","9110","MapEni_S2LevSel2P","General/S2Menu/Enigma Map/Level Select 2P.eni"
"0x0072EE","0x00731A","44","44","9113","MapEni_S2Options","General/S2Menu/Enigma Map/Options Screen.eni"
"0x00731A","0x00746E","340","340","9116","MapEni_S2LevSel","General/S2Menu/Enigma Map/Level Select.eni"
"0x00746E","0x0074A0","50","50","9119","MapEni_S2LevSelIcon","General/S2Menu/Enigma Map/Level Select Icons.eni"
"0x007A26","0x007AA6","128","128","9498","Pal_SStage_Main","General/Special Stage/Palettes/Main.bin"
"0x007AA6","0x007ACC","38","38","9501","Pal_SStage_1","General/Special Stage/Palettes/3-1.bin"
"0x007ACC","0x007AF2","38","38","9504","Pal_SStage_2","General/Special Stage/Palettes/3-2.bin"
"0x007AF2","0x007B18","38","38","9507","Pal_SStage_3","General/Special Stage/Palettes/3-3.bin"
"0x007B18","0x007B3E","38","38","9510","Pal_SStage_4","General/Special Stage/Palettes/3-4.bin"
"0x007B3E","0x007B64","38","38","9513","Pal_SStage_5","General/Special Stage/Palettes/3-5.bin"
"0x007B64","0x007B8A","38","38","9516","Pal_SStage_6","General/Special Stage/Palettes/3-6.bin"
"0x007B8A","0x007BB0","38","38","9519","Pal_SStage_7","General/Special Stage/Palettes/3-7.bin"
"0x007BB0","0x007BD6","38","38","9522","Pal_SStage_8","General/Special Stage/Palettes/3-8 S3.bin"
"0x007C2C","0x007CA4","120","120","9568","MapUnc_SSNum","General/Special Stage/Uncompressed Map/HUD Numbers.bin"
"0x007CA4","0x007CD4","48","48","9571","MapUnc_SSNum000","General/Special Stage/Uncompressed Map/HUD.bin"
"0x008B5A","0x008B9A","64","64","10873","Pal_SStage_Emeralds","General/Special Stage/Palettes/Emeralds S3.bin"
"0x009050","0x009250","512","512","11575","ScalarTable2","General/Special Stage/Scalars.bin"
"0x009818","0x009878","96","96","11827","Pal_Competition1","General/Competition Menu/Palettes/1.bin"
"0x00A130","0x00A164","52","52","12465","MapUnc_CompetitionNumbers","General/Competition Menu/Uncompressed Map/Numbers.bin"
"0x00A55E","0x00A57E","32","32","12801","Pal_Competition2","General/Competition Menu/Palettes/2.bin"
"0x00A57E","0x00A5BE","64","64","12804","Pal_Competition3","General/Competition Menu/Palettes/3.bin"
"0x00A5BE","0x00A65E","160","160","12807","Pal_Competition4","General/Competition Menu/Palettes/4.bin"
"0x00AD84","0x00ADA4","32","32","13198","Pal_CompetitionResults","General/Competition Menu/Palettes/Results.bin"
"0x00AE62","0x00AE7C","26","26","13247","MapEni_CompetitionResultsLED","General/Competition Menu/Enigma Map/Menu.eni"
"0x00AE7C","0x00AEA4","40","40","13250","MapUnc_CompetitionResultsLetters","General/Competition Menu/Uncompressed Map/Results Letters.bin"
"0x00AEA4","0x00AEF4","80","80","13253","MapUnc_CompetitionResultsDividers","General/Competition Menu/Uncompressed Map/Results Dividers.bin"
"0x00AEF4","0x00AF08","20","20","13256","MapUnc_CompetitionResultsTOTAL","General/Competition Menu/Uncompressed Map/Results TOTAL.bin"
"0x00AF08","0x00AF10","8","8","13259","MapUnc_ResultsWin","General/Competition Menu/Uncompressed Map/Results Win.bin"
"0x00AF10","0x00AF18","8","8","13262","MapUnc_ResultsLose","General/Competition Menu/Uncompressed Map/Results Lose.bin"
"0x00AF18","0x00AF20","8","8","13265","MapUnc_ResultsTie","General/Competition Menu/Uncompressed Map/Results Tie.bin"
"0x00B26C","0x00B28C","32","32","13503","Pal_CompetitionTimeAttack","General/Competition Menu/Palettes/Time Attack.bin"
"0x00B326","0x00B38A","100","100","13543","MapUnc_CompetitionLAPNum","General/Competition Menu/Uncompressed Map/LAP.bin"
"0x00B38A","0x00B3A6","28","28","13546","MapUnc_CompetitionRECORDS","General/Competition Menu/Uncompressed Map/RECORDS.bin"
"0x00B3A6","0x00B3D6","48","48","13549","MapUnc_Competition1st2nd3rd","General/Competition Menu/Uncompressed Map/1ST 2ND 3RD.bin"
"0x00B3EA","0x00B41E","52","52","13558","MapUnc_CompetitionAZURELAKE","General/Competition Menu/Uncompressed Map/AZURE LAKE.bin"
"0x00B41E","0x00B452","52","52","13561","MapUnc_CompetitionBALLOONPARK","General/Competition Menu/Uncompressed Map/BALLOON PARK.bin"
"0x00B452","0x00B486","52","52","13564","MapUnc_CompetitionCHROMEGADGET","General/Competition Menu/Uncompressed Map/CHROME GADGET.bin"
"0x00B486","0x00B4BA","52","52","13567","MapUnc_CompetitionDESERTPALACE","General/Competition Menu/Uncompressed Map/DESERT PALACE.bin"
"0x00B4BA","0x00B4EE","52","52","13570","MapUnc_CompetitionENDLESSMINE","General/Competition Menu/Uncompressed Map/ENDLESS MINE.bin"
"0x00BBB6","0x00BBD8","34","34","14263","Pal_Save_Chars","General/Save Menu/Palettes/Chars.bin"
"0x00BBD8","0x00BBF6","30","30","14266","Pal_Save_Emeralds","General/Save Menu/Palettes/Emeralds.bin"
"0x00BBF6","0x00BC16","32","32","14269","Pal_Save_FinishCard1","General/Save Menu/Palettes/Finish Card 1.bin"
"0x00BC16","0x00BC36","32","32","14272","Pal_Save_FinishCard2","General/Save Menu/Palettes/Finish Card 2.bin"
"0x00BC36","0x00BC56","32","32","14275","Pal_Save_ZoneCard1","General/Save Menu/Palettes/Zone Card 1.bin"
"0x00BC56","0x00BC76","32","32","14278","Pal_Save_ZoneCard2","General/Save Menu/Palettes/Zone Card 2.bin"
"0x00BC76","0x00BC96","32","32","14281","Pal_Save_ZoneCard3","General/Save Menu/Palettes/Zone Card 3.bin"
"0x00BC96","0x00BCB6","32","32","14284","Pal_Save_ZoneCard4","General/Save Menu/Palettes/Zone Card 4.bin"
"0x00BCB6","0x00BCD6","32","32","14287","Pal_Save_ZoneCard8","General/Save Menu/Palettes/Zone Card 8 S3.bin"
"0x00BCD6","0x00BCF6","32","32","14290","Pal_Save_ZoneCard5","General/Save Menu/Palettes/Zone Card 5.bin"
"0x00BCF6","0x00BD16","32","32","14293","Pal_Save_ZoneCard6","General/Save Menu/Palettes/Zone Card 6.bin"
"0x00C7E0","0x00E8C0","8416","8416","15145","ArtKos_SaveScreenS3Zone","General/Save Menu/Kosinski Art/Zone Art.kos"
"0x00EED2","0x00F1D2","768","768","15764","ArtUnc_HUDDigits","General/Sprites/HUD Icon/HUD Digits.unc"
"0x00F1D2","0x00F312","320","320","15767","ArtUnc_LivesDigits","General/Sprites/HUD Icon/Lives Digits.unc"
"0x00F312","0x00F5F2","736","736","15770","ArtUnc_DebugDigits","General/Sprites/HUD Icon/Debug Digits.unc"
"0x01AF10","0x01AF68","88","88","32901","LRZ_Rock_SpriteData","Levels/LRZ/Misc/Rock Sprite Attribute Data S3.bin"
"0x023652","0x023672","32","32","42046","Pal_SphereTest","General/Special Stage/Palettes/Eosian Spheres.bin"
"0x023976","0x023B76","512","512","42313","ScalarTable","General/Special Stage/Scalars.bin"
"0x02D344","0x02D3C4","128","128","53953","Pal_Results","General/Special Stage/Palettes/Results S3.bin"
"0x038FA4","0x038FE4","64","64","67257","ArtNem_SnowboardDust","General/Sprites/Snowboard/Snowboard Dust.nem"
"0x03C000","0x03C020","32","32","71478","Pal_AIZBattleship","Levels/AIZ/Palettes/Battleship.bin"
"0x03C020","0x03C03C","28","28","71481","Pal_AIZBossSmall","Levels/AIZ/Palettes/Boss Small.bin"
"0x03F63E","0x03F6BE","128","128","76782","Pal_ContinueScreen","General/Continue/Palettes/Palette S3.bin"
"0x03F7EC","0x03FE4C","1632","1632","76800","ArtNem_ContinueSprites","General/Continue/Nemesis Art/Player Sprites.nem"
"0x03FE4C","0x04020E","962","962","76803","ArtNem_ContinueIcons","General/Continue/Nemesis Art/Player Icons.nem"
"0x04020E","0x0402EE","224","224","76806","ArtNem_ContinueDigits","General/Continue/Nemesis Art/Digits.nem"
"0x0415B0","0x0415F0","64","64","78023","Pal_Ending","General/Ending/Palettes/S3 Ending.bin"
"0x0415F0","0x041630","64","64","78026","Pal_EndingS3Logo","General/Ending/Palettes/S3 Logo.bin"
"0x041630","0x041670","64","64","78029","Pal_EndingEyecatchKnuckles","General/Ending/Palettes/S3 Knuckles Eyecatch.bin"
"0x041670","0x041730","192","192","78032","Pal_EndingS3LogoFlash","General/Ending/Palettes/S3 Logo Flash.bin"
"0x041906","0x0430E4","6110","6110","78060","ArtNem_EndingGraphics","General/Ending/Nemesis Art/S3 Ending Graphics.nem"
"0x0433A0","0x043410","112","112","78382","byte_433F4","General/S2Menu/Palettes/Sega Screen 2.bin"
"0x043416","0x043486","112","112","78389","byte_4346A","General/S2Menu/Palettes/Sega Screen 3.bin"
"0x045754","0x045774","32","32","81245","Pal_CutsceneKnux","General/Sprites/Knuckles/Cutscene/Pal.bin"
"0x045774","0x0457F4","128","128","81248","Pal_CNZFlash","Levels/CNZ/Palettes/Flash.bin"
"0x045E2C","0x045E4C","32","32","81812","Pal_AIZIntroEmeralds","Levels/AIZ/Palettes/Intro Emeralds.bin"
"0x047038","0x047058","32","32","83628","Pal_AIZMiniboss","Levels/AIZ/Palettes/Miniboss.bin"
"0x047C7C","0x047C9C","32","32","84790","Pal_AIZEndBoss","Levels/AIZ/Palettes/End Boss.bin"
"0x048C40","0x048C60","32","32","86336","Pal_HCZMiniboss","Levels/HCZ/Palettes/Miniboss.bin"
"0x048C60","0x048C80","32","32","86339","Pal_HCZMinibossWater","Levels/HCZ/Palettes/Miniboss Water.bin"
"0x049CF8","0x049D18","32","32","87950","Pal_HCZEndBoss","Levels/HCZ/Palettes/End Boss.bin"
"0x04B52E","0x04B54E","32","32","90221","Pal_MGZEndBoss","Levels/MGZ/Palettes/End Boss.bin"
"0x04BF16","0x04BF36","32","32","91133","Pal_CNZMiniboss","Levels/CNZ/Palettes/Miniboss.bin"
"0x04C8C4","0x04C8E4","32","32","92100","Pal_CNZEndBoss","Levels/CNZ/Palettes/End Boss.bin"
"0x04D4C6","0x04D4E6","32","32","93352","Pal_FBZMiniboss","Levels/FBZ/Palettes/S3 Miniboss.bin"
"0x04DB26","0x04DB46","32","32","93952","Pal_FBZ2Subboss","Levels/FBZ/Palettes/FBZ2 Subboss.bin"
"0x04E304","0x04E324","32","32","94749","Pal_FBZEndBoss","Levels/FBZ/Palettes/FBZ End Boss.bin"
"0x04EB68","0x04EB88","32","32","95607","Pal_ICZMiniboss","Levels/ICZ/Palettes/Miniboss.bin"
"0x04F3EA","0x04F40A","32","32","96394","Pal_ICZEndBoss","Levels/ICZ/Palettes/End Boss.bin"
"0x04F932","0x04F952","32","32","96937","Pal_LBZMiniboss","Levels/LBZ/Palettes/Miniboss.bin"
"0x050394","0x0503B4","32","32","97983","Pal_LBZFinalBoss1","Levels/LBZ/Palettes/Final Boss 1.bin"
"0x050C30","0x050C50","32","32","98821","Pal_LBZEndBoss","Levels/LBZ/Palettes/End Boss.bin"
"0x052082","0x0520A2","32","32","100748","Pal_LBZFinalBoss2","Levels/LBZ/Palettes/Final Boss 2.bin"
"0x0520A2","0x0520C2","32","32","100751","Pal_LBZEnding","Levels/LBZ/Palettes/Ending.bin"
"0x0520C2","0x0520E2","32","32","100754","Pal_SonicEndPose","General/Ending/Palettes/Sonic End Pose.bin"
"0x0520E2","0x052102","32","32","100757","Pal_TailsEndPose","General/Ending/Palettes/Tails End Pose.bin"
"0x052102","0x052122","32","32","100760","Pal_SuperSonicEndPose","General/Ending/Palettes/S3 Super Sonic End Pose.bin"
"0x052702","0x052722","32","32","101253","Pal_AfterMiniboss_AIZ","Levels/AIZ/Palettes/Miniboss After.bin"
"0x052722","0x052742","32","32","101256","Pal_AfterMiniboss_ICZ","Levels/ICZ/Palettes/Miniboss After.bin"
"0x05E018","0x05E01C","4","4","116490","Start_Locations","Levels/AIZ/Start Location/Sonic/1.bin"
"0x05E01C","0x05E020","4","4","116491","Start_Locations","Levels/AIZ/Start Location/Sonic/2.bin"
"0x05E020","0x05E024","4","4","116492","Start_Locations","Levels/HCZ/Start Location/Sonic/1.bin"
"0x05E024","0x05E028","4","4","116493","Start_Locations","Levels/HCZ/Start Location/Sonic/2.bin"
"0x05E028","0x05E02C","4","4","116494","Start_Locations","Levels/MGZ/Start Location/Sonic/1.bin"
"0x05E02C","0x05E030","4","4","116495","Start_Locations","Levels/MGZ/Start Location/Sonic/2.bin"
"0x05E030","0x05E034","4","4","116496","Start_Locations","Levels/CNZ/Start Location/Sonic/1.bin"
"0x05E034","0x05E038","4","4","116497","Start_Locations","Levels/CNZ/Start Location/Sonic/2.bin"
"0x05E040","0x05E044","4","4","116500","Start_Locations","Levels/ICZ/Start Location/Sonic/1.bin"
"0x05E044","0x05E048","4","4","116501","Start_Locations","Levels/ICZ/Start Location/Sonic/2.bin"
"0x05E048","0x05E04C","4","4","116502","Start_Locations","Levels/LBZ/Start Location/Sonic/1.bin"
"0x05E04C","0x05E050","4","4","116503","Start_Locations","Levels/LBZ/Start Location/Sonic/2.bin"
"0x05E088","0x05E08C","4","4","116518","Start_Locations","Levels/ALZ/Start Location/Sonic/1.bin"
"0x05E08C","0x05E090","4","4","116519","Start_Locations","Levels/ALZ/Start Location/Sonic/2.bin"
"0x05E090","0x05E094","4","4","116520","Start_Locations","Levels/BPZ/Start Location/Sonic/1.bin"
"0x05E094","0x05E098","4","4","116521","Start_Locations","Levels/BPZ/Start Location/Sonic/2.bin"
"0x05E098","0x05E09C","4","4","116522","Start_Locations","Levels/DPZ/Start Location/Sonic/1.bin"
"0x05E09C","0x05E0A0","4","4","116523","Start_Locations","Levels/DPZ/Start Location/Sonic/2.bin"
"0x05E0A0","0x05E0A4","4","4","116524","Start_Locations","Levels/CGZ/Start Location/Sonic/1.bin"
"0x05E0A4","0x05E0A8","4","4","116525","Start_Locations","Levels/CGZ/Start Location/Sonic/2.bin"
"0x05E0A8","0x05E0AC","4","4","116526","Start_Locations","Levels/EMZ/Start Location/Sonic/1.bin"
"0x05E0AC","0x05E0B0","4","4","116527","Start_Locations","Levels/EMZ/Start Location/Sonic/2.bin"
"0x05E0B0","0x05E0B4","4","4","116528","Start_Locations","Levels/Gumball/Start Location/Sonic/1.bin"
"0x05E0B4","0x05E0B8","4","4","116529","Start_Locations","Levels/Gumball/Start Location/Sonic/2.bin"
"0x05E2FE","0x05E688","906","906","116681","AIZ1_Sprites","Levels/AIZ/Object Pos/1-S3.bin"
"0x05E688","0x05F816","4494","4494","116684","AIZ2_Sprites","Levels/AIZ/Object Pos/2-S3.bin"
"0x05F816","0x05F9BE","424","424","116687","AIZ1_Rings","Levels/AIZ/Ring Pos/1-S3.bin"
"0x05F9BE","0x05FE9A","1244","1244","116690","AIZ2_Rings","Levels/AIZ/Ring Pos/2-S3.bin"
"0x05FEA0","0x06078E","2286","2286","116695","HCZ1_Sprites","Levels/HCZ/Object Pos/1-S3.bin"
"0x06078E","0x061364","3030","3030","116698","HCZ2_Sprites","Levels/HCZ/Object Pos/2-S3.bin"
"0x061364","0x061A4C","1768","1768","116701","HCZ1_Rings","Levels/HCZ/Ring Pos/1-S3.bin"
"0x061A4C","0x061DE4","920","920","116704","HCZ2_Rings","Levels/HCZ/Ring Pos/2-S3.bin"
"0x061DEA","0x062882","2712","2712","116709","MGZ1_Sprites","Levels/MGZ/Object Pos/1-S3.bin"
"0x062882","0x063072","2032","2032","116712","MGZ1_Rings","Levels/MGZ/Ring Pos/1-S3.bin"
"0x063078","0x06382E","1974","1974","116717","MGZ2_Sprites","Levels/MGZ/Object Pos/2-S3.bin"
"0x06382E","0x063DAA","1404","1404","116720","MGZ2_Rings","Levels/MGZ/Ring Pos/2-S3.bin"
"0x063DB0","0x06489C","2796","2796","116725","CNZ1_Sprites","Levels/CNZ/Object Pos/1-S3.bin"
"0x06489C","0x065820","3972","3972","116728","CNZ2_Sprites","Levels/CNZ/Object Pos/2-S3.bin"
"0x065820","0x065CB8","1176","1176","116731","CNZ1_Rings","Levels/CNZ/Ring Pos/1-S3.bin"
"0x065CB8","0x06607C","964","964","116734","CNZ2_Rings","Levels/CNZ/Ring Pos/2-S3.bin"
"0x066082","0x066094","18","18","116739","FBZ1_Sprites","Levels/FBZ/Object Pos/1-S3.bin"
"0x066094","0x0660AC","24","24","116742","FBZ2_Sprites","Levels/FBZ/Object Pos/2-S3.bin"
"0x0660AC","0x0660D4","40","40","116745","FBZ1_Rings","Levels/FBZ/Ring Pos/1-S3.bin"
"0x0660D4","0x0660FC","40","40","116748","FBZ2_Rings","Levels/FBZ/Ring Pos/2-S3.bin"
"0x066102","0x06668A","1416","1416","116753","ICZ1_Sprites","Levels/ICZ/Object Pos/1-S3.bin"
"0x06668A","0x066E34","1962","1962","116756","ICZ2_Sprites","Levels/ICZ/Object Pos/2-S3.bin"
"0x066E34","0x0670E0","684","684","116759","ICZ1_Rings","Levels/ICZ/Ring Pos/1-S3.bin"
"0x0670E0","0x067798","1720","1720","116762","ICZ2_Rings","Levels/ICZ/Ring Pos/2-S3.bin"
"0x06779E","0x0681B2","2580","2580","116767","LBZ1_Sprites","Levels/LBZ/Object Pos/1-S3.bin"
"0x0681B2","0x068CBC","2826","2826","116770","LBZ2_Sprites","Levels/LBZ/Object Pos/2-S3.bin"
"0x068CBC","0x069010","852","852","116773","LBZ1_Rings","Levels/LBZ/Ring Pos/1-S3.bin"
"0x069010","0x069494","1156","1156","116776","LBZ2_Rings","Levels/LBZ/Ring Pos/2-S3.bin"
"0x069A4A","0x069B4C","258","258","117175","MHZ1_Sprites","Levels/MHZ/Object Pos/1-S3.bin"
"0x069B4C","0x069C0C","192","192","117178","MHZ2_Sprites","Levels/MHZ/Object Pos/2-S3.bin"
"0x069D20","0x069D56","54","54","117260","ALZ1_Sprites","Levels/ALZ/Object Pos/1.bin"
"0x069D74","0x069DD4","96","96","117272","BPZ1_Sprites","Levels/BPZ/Object Pos/1.bin"
"0x069DF2","0x069E5E","108","108","117284","DPZ1_Sprites","Levels/DPZ/Object Pos/1.bin"
"0x069E7C","0x069EDC","96","96","117296","CGZ1_Sprites","Levels/CGZ/Object Pos/1.bin"
"0x069EFA","0x069F5A","96","96","117308","EMZ1_Sprites","Levels/EMZ/Object Pos/1.bin"
"0x069F78","0x06A038","192","192","117320","Gumball1_Sprites","Levels/Gumball/Object Pos/1-S3.bin"
"0x06A0E0","0x06A4E8","1032","1032","117374","SStage1_Layout","General/Special Stage/Layout/S3 1.bin"
"0x06A4E8","0x06A8F0","1032","1032","117377","SStage2_Layout","General/Special Stage/Layout/S3 2.bin"
"0x06A8F0","0x06ACF8","1032","1032","117380","SStage3_Layout","General/Special Stage/Layout/S3 3.bin"
"0x06ACF8","0x06B100","1032","1032","117383","SStage4_Layout","General/Special Stage/Layout/S3 4.bin"
"0x06B100","0x06B508","1032","1032","117386","SStage5_Layout","General/Special Stage/Layout/S3 5.bin"
"0x06B508","0x06B910","1032","1032","117389","SStage6_Layout","General/Special Stage/Layout/S3 6.bin"
"0x06B910","0x06BD18","1032","1032","117392","SStage7_Layout","General/Special Stage/Layout/S3 7.bin"
"0x06BD18","0x06C120","1032","1032","117395","SStage8_Layout","General/Special Stage/Layout/S3 8.bin"
"0x06D000","0x06F460","9312","9312","117398","HCZ_WaterlineScroll_Data","Levels/HCZ/Misc/HCZ Waterline Scroll Data.bin"
"0x06F460","0x0704A0","4160","4160","117401","LBZ_WaterlineScroll_Data","Levels/LBZ/Misc/LBZ Waterline Scroll Data.bin"
"0x0704A0","0x0706A0","512","512","117404","AngleArray","Levels/Misc/Angles S3.bin"
"0x0706A0","0x0726A0","8192","8192","117407","HeightMaps","Levels/Misc/Height Maps S3.bin"
"0x0726A0","0x0746A0","8192","8192","117410","HeightMapsRot","Levels/Misc/Height Maps Rotated S3.bin"
"0x074760","0x075360","3072","3072","117462","Solid_AIZ1","Levels/AIZ/Collision/1.bin"
"0x075360","0x075F60","3072","3072","117465","Solid_AIZ2","Levels/AIZ/Collision/2.bin"
"0x075F60","0x076B60","3072","3072","117468","Solid_HCZ1","Levels/HCZ/Collision/1.bin"
"0x076B60","0x077760","3072","3072","117471","Solid_HCZ2","Levels/HCZ/Collision/2.bin"
"0x077760","0x078360","3072","3072","117474","Solid_MGZ1","Levels/MGZ/Collision/1.bin"
"0x078360","0x078F60","3072","3072","117477","Solid_MGZ2","Levels/MGZ/Collision/2.bin"
"0x078F60","0x079B60","3072","3072","117480","Solid_CNZ","Levels/CNZ/Collision/1.bin"
"0x079B60","0x07A760","3072","3072","117486","Solid_ICZ1","Levels/ICZ/Collision/1.bin"
"0x07A760","0x07B360","3072","3072","117489","Solid_ICZ2","Levels/ICZ/Collision/2.bin"
"0x07B360","0x07BF60","3072","3072","117492","Solid_LBZ1","Levels/LBZ/Collision/1.bin"
"0x07BF60","0x07CB60","3072","3072","117495","Solid_LBZ2","Levels/LBZ/Collision/2.bin"
"0x07CB60","0x07D760","3072","3072","117498","Solid_ALZ","Levels/ALZ/Collision/1.bin"
"0x07D760","0x07E360","3072","3072","117501","Solid_BPZ","Levels/BPZ/Collision/1.bin"
"0x07E360","0x07EF60","3072","3072","117504","Solid_DPZ","Levels/DPZ/Collision/1.bin"
"0x07EF60","0x07FB60","3072","3072","117507","Solid_CGZ","Levels/CGZ/Collision/1.bin"
"0x07FB60","0x080760","3072","3072","117510","Solid_EMZ","Levels/EMZ/Collision/1.bin"
"0x080760","0x081360","3072","3072","117513","Solid_Gumball_Special","Levels/Gumball/Collision/1.bin"
"0x081420","0x081C6C","2124","2124","117567","Layout_AIZ1","Levels/AIZ/Layout/1.bin"
"0x081C6C","0x0829D2","3430","3430","117570","Layout_AIZ2","Levels/AIZ/Layout/2.bin"
"0x0829D2","0x0834FA","2856","2856","117573","Layout_HCZ1","Levels/HCZ/Layout/1.bin"
"0x0834FA","0x0843A2","3752","3752","117576","Layout_HCZ2","Levels/HCZ/Layout/2.bin"
"0x0843A2","0x085032","3216","3216","117579","Layout_MGZ1","Levels/MGZ/Layout/1.bin"
"0x085032","0x085DE2","3504","3504","117582","Layout_MGZ2","Levels/MGZ/Layout/2.bin"
"0x085DE2","0x0869AC","3018","3018","117585","Layout_CNZ1","Levels/CNZ/Layout/1.bin"
"0x0869AC","0x08793A","3982","3982","117588","Layout_CNZ2","Levels/CNZ/Layout/2.bin"
"0x08793A","0x088902","4040","4040","117593","Layout_ICZ1","Levels/ICZ/Layout/1.bin"
"0x088902","0x089752","3664","3664","117596","Layout_ICZ2","Levels/ICZ/Layout/2.bin"
"0x089752","0x08A6FE","4012","4012","117599","Layout_LBZ1","Levels/LBZ/Layout/1.bin"
"0x08A6FE","0x08B626","3880","3880","117602","Layout_LBZ2","Levels/LBZ/Layout/2.bin"
"0x08B626","0x08B7F2","460","460","117605","Layout_ALZ","Levels/ALZ/Layout/1.bin"
"0x08B7F2","0x08B946","340","340","117608","Layout_BPZ","Levels/BPZ/Layout/1.bin"
"0x08B946","0x08BA3E","248","248","117611","Layout_DPZ","Levels/DPZ/Layout/1.bin"
"0x08BA3E","0x08BB36","248","248","117614","Layout_CGZ","Levels/CGZ/Layout/1.bin"
"0x08BB36","0x08BC2E","248","248","117617","Layout_EMZ","Levels/EMZ/Layout/1.bin"
"0x08BC2E","0x08BCE6","184","184","117620","Layout_Gumball_Special","Levels/Gumball/Layout/1.bin"
"0x08BCE6","0x08BE6E","392","392","117623","Layout_Pachinko_Special","Levels/Pachinko/Layout/1-S3.bin"
"0x08BE6E","0x08BF54","230","230","117626","Layout_Slot_Special","Levels/Slots/Layout/1-S3.bin"
"0x08C134","0x08C1B4","128","128","117632","Pal_S2Sega","General/S2Menu/Palettes/Sega Screen.bin"
"0x08C1B4","0x08C1D4","32","32","117635","Pal_S2Title","General/S2Menu/Palettes/Title Screen.bin"
"0x08C1D4","0x08C234","96","96","117638","Pal_S2LevSel","General/S2Menu/Palettes/Proto Level Select.bin"
"0x08C234","0x08C274","64","64","117641","Pal_SonicTails","General/Sprites/Sonic/Palettes/Sonic CD and Tails.bin"
"0x08C274","0x08C2F4","128","128","117644","Pal_S2Menu","General/S2Menu/Palettes/Main.bin"
"0x08C2F4","0x08C314","32","32","117647","Pal_Knuckles","General/Sprites/Knuckles/Palettes/Main.bin"
"0x08C314","0x08C374","96","96","117650","Pal_AIZIntro","Levels/AIZ/Palettes/Intro.bin"
"0x08C374","0x08C3D4","96","96","117653","Pal_AIZ","Levels/AIZ/Palettes/Main.bin"
"0x08C3D4","0x08C434","96","96","117656","Pal_AIZFire","Levels/AIZ/Palettes/Fire.bin"
"0x08C434","0x08C494","96","96","117659","Pal_AIZBoss","Levels/AIZ/Palettes/Boss.bin"
"0x08C494","0x08C514","128","128","117662","Pal_AIZ_Water","Levels/AIZ/Palettes/Water.bin"
"0x08C514","0x08C594","128","128","117665","Pal_AIZ2_Water","Levels/AIZ/Palettes/Act 2 Water.bin"
"0x08C594","0x08C5F4","96","96","117668","Pal_HCZ1","Levels/HCZ/Palettes/1.bin"
"0x08C5F4","0x08C654","96","96","117671","Pal_HCZ2","Levels/HCZ/Palettes/2.bin"
"0x08C654","0x08C6D4","128","128","117674","Pal_HCZ1_Water","Levels/HCZ/Palettes/Act 1 Water.bin"
"0x08C6D4","0x08C754","128","128","117677","Pal_HCZ2_Water","Levels/HCZ/Palettes/Act 2 Water.bin"
"0x08C754","0x08C7B4","96","96","117680","Pal_MGZ","Levels/MGZ/Palettes/Main.bin"
"0x08C7B4","0x08C814","96","96","117683","Pal_CNZ","Levels/CNZ/Palettes/Main.bin"
"0x08C814","0x08C894","128","128","117686","Pal_CNZ_Water","Levels/CNZ/Palettes/Water.bin"
"0x08C894","0x08C8F4","96","96","117690","Pal_ICZ1","Levels/ICZ/Palettes/1.bin"
"0x08C8F4","0x08C954","96","96","117693","Pal_ICZ2","Levels/ICZ/Palettes/2.bin"
"0x08C954","0x08C9D4","128","128","117696","Pal_ICZ2_Water","Levels/ICZ/Palettes/Act 2 Water.bin"
"0x08C9D4","0x08CA34","96","96","117699","Pal_LBZ1","Levels/LBZ/Palettes/1.bin"
"0x08CA34","0x08CA94","96","96","117702","Pal_LBZ2","Levels/LBZ/Palettes/2.bin"
"0x08CA94","0x08CB14","128","128","117705","Pal_LBZ_Water","Levels/LBZ/Palettes/Act 2 Water.bin"
"0x08CB14","0x08CB74","96","96","117708","Pal_LBZ_Water2","Levels/LBZ/Palettes/Act 2 Water 2.bin"
"0x08CB74","0x08CBD4","96","96","117711","Pal_ALZ","Levels/ALZ/Palettes/Main.bin"
"0x08CBD4","0x08CC34","96","96","117714","Pal_BPZ","Levels/BPZ/Palettes/Main.bin"
"0x08CC34","0x08CC94","96","96","117717","Pal_DPZ","Levels/DPZ/Palettes/Main.bin"
"0x08CC94","0x08CCF4","96","96","117720","Pal_CGZ","Levels/CGZ/Palettes/Main.bin"
"0x08CCF4","0x08CD54","96","96","117723","Pal_EMZ","Levels/EMZ/Palettes/Main.bin"
"0x08CD54","0x08CDB4","96","96","117726","Pal_Gumball_Special","Levels/Gumball/Palettes/Main.bin"
"0x08CDB4","0x08CE14","96","96","117729","Pal_Pachinko_Special","Levels/Pachinko/Palettes/S3.bin"
"0x08CE14","0x08CE74","96","96","117732","Pal_Slot_Special","Levels/Slots/Palettes/S3.bin"
"0x08CE74","0x08D834","2496","2496","117735","ArtUnc_CNZCannon","Levels/CNZ/Uncompressed Art/Cannon.unc"
"0x08D834","0x08DFB4","1920","1920","117738","ArtUnc_AirCountdown","General/Sprites/Bubbles/Air Countdown.unc"
"0x08DFB4","0x08E4B4","1280","1280","117741","ArtUnc_SONICMILES","General/S2Menu/Uncompressed Art/SONICMILES.unc"
"0x08E4B4","0x08F834","4992","4992","117744","ArtUnc_SStageSonic","General/Sprites/Sonic/Art/SStage Sonic.unc"
"0x08F95A","0x0908BA","3936","3936","117749","ArtUnc_SStageTails","General/Sprites/Tails/Art/SStage Tails.unc"
"0x0909E8","0x0910E8","1792","1792","117754","ArtUnc_SStageTailstails","General/Sprites/Tails/Art/SStage Tails tails.unc"
"0x0911CE","0x091B2E","2400","2400","117759","ArtNem_SphereTest","General/Special Stage/Nemesis Art/Eosian Spheres.nem"
"0x091B2E","0x091B70","66","66","117762","ArtNem_SStageShadow","General/Special Stage/Nemesis Art/Shadow.nem"
"0x091B70","0x091CF2","386","386","117765","ArtNem_GetBlueSpheres","General/Special Stage/Nemesis Art/Get Blue Spheres.nem"
"0x091CF2","0x091D4E","92","92","117768","ArtNem_GBSArrow","General/Special Stage/Nemesis Art/Get Blue Spheres Arrow.nem"
"0x091D4E","0x091EBA","364","364","117771","ArtNem_SStageDigits","General/Special Stage/Nemesis Art/Digits.nem"
"0x091EBA","0x092002","328","328","117774","ArtNem_SStageIcons","General/Special Stage/Nemesis Art/Icons.nem"
"0x092002","0x09265E","1628","1628","117777","ArtNem_SStageSphere","General/Special Stage/Nemesis Art/Sphere.nem"
"0x09265E","0x092AEA","1164","1164","117780","ArtNem_SStageRing","General/Special Stage/Nemesis Art/Ring.nem"
"0x092AEA","0x09309C","1458","1458","117783","ArtKosM_SStageChaosEmerald","General/Special Stage/KosinskiM Art/Special Stage Chaos Emerald.kosm"
"0x09309C","0x0931BC","288","288","117786","MapEni_SStageBG","General/Special Stage/Enigma Map/BG.eni"
"0x0931BC","0x093240","132","132","117789","ArtNem_SStageBG","General/Special Stage/Nemesis Art/BG.nem"
"0x093240","0x098100","20160","20160","117792","MapUnc_SStageLayout","General/Special Stage/Uncompressed Map/Layout S3.bin"
"0x098100","0x09A77E","9854","9854","117795","ArtNem_SStageLayout","General/Special Stage/Nemesis Art/Layout.nem"
"0x09A7DA","0x09FC3A","21600","21600","117822","SStage_PerspectiveMaps","General/Special Stage/Layout/S3 Perspective Maps.bin"
"0x0A05C2","0x0A2922","9056","9056","117841","ArtUnc_SurfboardIntro","General/Sprites/Sonic/Art/Sonic Surfboarding.unc"
"0x0A2940","0x0A3240","2304","2304","117844","ArtUnc_AniAIZ1_0","Levels/AIZ/Animated Tiles/Act1 0.unc"
"0x0A3240","0x0A3600","960","960","117847","ArtUnc_AniAIZ1_1","Levels/AIZ/Animated Tiles/Act1 1.unc"
"0x0A3600","0x0A3F00","2304","2304","117850","ArtUnc_AniAIZ2_1","Levels/AIZ/Animated Tiles/Act2 1.unc"
"0x0A3F00","0x0A4A80","2944","2944","117853","ArtUnc_AniAIZ2_0","Levels/AIZ/Animated Tiles/Act2 0.unc"
"0x0A4A80","0x0A5680","3072","3072","117856","ArtUnc_AniAIZ2_3","Levels/AIZ/Animated Tiles/Act2 3.unc"
"0x0A5680","0x0A5880","512","512","117859","ArtUnc_AniAIZ2_2","Levels/AIZ/Animated Tiles/Act2 2.unc"
"0x0A5880","0x0A5CE0","1120","1120","117862","ArtUnc_AniAIZ2_FirstTree","Levels/AIZ/Animated Tiles/Act2 First Tree.unc"
"0x0A5CE0","0x0A6A60","3456","3456","117865","ArtUnc_AniHCZ1_0","Levels/HCZ/Animated Tiles/Act1 0.unc"
"0x0A6A60","0x0A6BE0","384","384","117868","ArtUnc_AniHCZ1_WaterlineBelow","Levels/HCZ/Animated Tiles/Act1 Water Below 1.unc"
"0x0A6BE0","0x0A6D60","384","384","117871","ArtUnc_FixHCZ1_UpperBG1","Levels/HCZ/Animated Tiles/Act1 Upper BG 1.unc"
"0x0A6D60","0x0A6EE0","384","384","117874","ArtUnc_AniHCZ1_WaterlineAbove","Levels/HCZ/Animated Tiles/Act1 Water Above 1.unc"
"0x0A6EE0","0x0A7060","384","384","117877","ArtUnc_FixHCZ1_LowerBG1","Levels/HCZ/Animated Tiles/Act1 Lower BG 1.unc"
"0x0A7060","0x0A71E0","384","384","117880","ArtUnc_AniHCZ1_WaterlineBelow2","Levels/HCZ/Animated Tiles/Act1 Water Below 2.unc"
"0x0A71E0","0x0A7360","384","384","117883","ArtUnc_FixHCZ1_UpperBG2","Levels/HCZ/Animated Tiles/Act1 Upper BG 2.unc"
"0x0A7360","0x0A74E0","384","384","117886","ArtUnc_AniHCZ1_WaterlineAbove2","Levels/HCZ/Animated Tiles/Act1 Water Above 2.unc"
"0x0A74E0","0x0A7660","384","384","117889","ArtUnc_FixHCZ1_LowerBG2","Levels/HCZ/Animated Tiles/Act1 Lower BG 2.unc"
"0x0A7660","0x0A7D20","1728","1728","117892","ArtUnc_AniHCZ__1","Levels/HCZ/Animated Tiles/0.unc"
"0x0A7D20","0x0A87A0","2688","2688","117895","ArtUnc_AniHCZ2_0","Levels/HCZ/Animated Tiles/Act2 0.unc"
"0x0A87A0","0x0A8BA0","1024","1024","117898","ArtUnc_AniHCZ2_SmallBGLine","Levels/HCZ/Animated Tiles/Act2 1.unc"
"0x0A8BA0","0x0A93A0","2048","2048","117901","ArtUnc_AniHCZ2_2","Levels/HCZ/Animated Tiles/Act2 2.unc"
"0x0A93A0","0x0AA3A0","4096","4096","117904","ArtUnc_AniHCZ2_3","Levels/HCZ/Animated Tiles/Act2 3.unc"
"0x0AA3A0","0x0AD3A0","12288","12288","117907","ArtUnc_AniHCZ2_4","Levels/HCZ/Animated Tiles/Act2 4.unc"
"0x0AD3A0","0x0AF7A0","9216","9216","117910","ArtUnc_AniMGZ__0","Levels/MGZ/Animated Tiles/MGZ Animated 0.unc"
"0x0AF7A0","0x0AF800","96","96","117913","ArtUnc_AniMGZ__1","Levels/MGZ/Animated Tiles/MGZ Animated 1.unc"
"0x0AF800","0x0B0A00","4608","4608","117916","ArtUnc_AniCNZ__0","Levels/CNZ/Animated Tiles/0.unc"
"0x0B0A00","0x0B2A00","8192","8192","117919","ArtUnc_AniCNZ__1","Levels/CNZ/Animated Tiles/1.unc"
"0x0B2A00","0x0B4A00","8192","8192","117922","ArtUnc_AniCNZ__2","Levels/CNZ/Animated Tiles/2.unc"
"0x0B4A00","0x0B5A00","4096","4096","117925","ArtUnc_AniCNZ__3","Levels/CNZ/Animated Tiles/3.unc"
"0x0B5A00","0x0B5B80","384","384","117928","ArtUnc_AniCNZ__4","Levels/CNZ/Animated Tiles/4.unc"
"0x0B5B80","0x0B7B80","8192","8192","117931","ArtUnc_AniCNZ__6","Levels/CNZ/Animated Tiles/6.unc"
"0x0B7B80","0x0B8580","2560","2560","117934","ArtUnc_AniCNZ__5","Levels/CNZ/Animated Tiles/5.unc"
"0x0B8580","0x0B9580","4096","4096","117937","ArtUnc_AniICZ__1","Levels/ICZ/Animated Tiles/1.unc"
"0x0B9580","0x0B9780","512","512","117940","ArtUnc_AniICZ__2","Levels/ICZ/Animated Tiles/2.unc"
"0x0B9780","0x0B9880","256","256","117943","ArtUnc_AniICZ__3","Levels/ICZ/Animated Tiles/3.unc"
"0x0B9880","0x0B9900","128","128","117946","ArtUnc_AniICZ__4","Levels/ICZ/Animated Tiles/4.unc"
"0x0B9900","0x0B9940","64","64","117949","ArtUnc_AniICZ__5","Levels/ICZ/Animated Tiles/5.unc"
"0x0B9940","0x0B9D40","1024","1024","117952","ArtUnc_AniICZ__0","Levels/ICZ/Animated Tiles/0.unc"
"0x0B9D40","0x0BA240","1280","1280","117955","ArtUnc_AniLBZ1_0","Levels/LBZ/Animated Tiles/Act1 0.unc"
"0x0BA240","0x0BB640","5120","5120","117958","ArtUnc_AniLBZ1_1","Levels/LBZ/Animated Tiles/Act1 1.unc"
"0x0BB640","0x0BB740","256","256","117961","ArtUnc_AniLBZ1_2","Levels/LBZ/Animated Tiles/Act1 2.unc"
"0x0BB740","0x0BBB40","1024","1024","117964","ArtUnc_AniLBZ2_2","Levels/LBZ/Animated Tiles/Act2 2.unc"
"0x0BBB40","0x0BBD40","512","512","117967","ArtUnc_AniLBZ2_WaterlineBelow","Levels/LBZ/Animated Tiles/Act2 Water Below.unc"
"0x0BBD40","0x0BBF40","512","512","117970","ArtUnc_AniLBZ2_LowerBG","Levels/LBZ/Animated Tiles/Act2 Lower BG.unc"
"0x0BBF40","0x0BC140","512","512","117973","ArtUnc_AniLBZ2_WaterlineAbove","Levels/LBZ/Animated Tiles/Act2 Water Above.unc"
"0x0BC140","0x0BC340","512","512","117976","ArtUnc_AniLBZ2_UpperBG","Levels/LBZ/Animated Tiles/Act2 Upper BG.unc"
"0x0BC340","0x0BE340","8192","8192","117979","ArtUnc_AniLBZ__0","Levels/LBZ/Animated Tiles/0.unc"
"0x0BE340","0x0BE5C0","640","640","117982","ArtUnc_AniLBZ2_0","Levels/LBZ/Animated Tiles/Act2 0.unc"
"0x0BE5C0","0x0BE8C0","768","768","117985","ArtUnc_AniLBZ2_1","Levels/LBZ/Animated Tiles/Act2 1.unc"
"0x0BE8C0","0x0BEEC0","1536","1536","117990","ArtUnc_AniALZ","Levels/ALZ/Animated Tiles/0.unc"
"0x0BEEC0","0x0BF400","1344","1344","117993","ArtUnc_AniBPZ__0","Levels/BPZ/Animated Tiles/0.unc"
"0x0BF400","0x0BF900","1280","1280","117996","ArtUnc_AniBPZ__1","Levels/BPZ/Animated Tiles/1.unc"
"0x0BF900","0x0BF9C0","192","192","117999","ArtUnc_AniBPZ__2","Levels/BPZ/Animated Tiles/2.unc"
"0x0BF9C0","0x0BFA00","64","64","118002","ArtUnc_AniBPZ__3","Levels/BPZ/Animated Tiles/3.unc"
"0x0BFA00","0x0C0180","1920","1920","118005","ArtUnc_AniDPZ","Levels/DPZ/Animated Tiles/0.unc"
"0x0C0180","0x0C2180","8192","8192","118008","ArtUnc_AniDPZ__BG","Levels/DPZ/Animated Tiles/BG 0.unc"
"0x0C2180","0x0C2280","256","256","118011","ArtUnc_AniGumball","Levels/Gumball/Animated Tiles/0.unc"
"0x0C2280","0x0C3200","3968","3968","118014","ArtUnc_SplashDrown","General/Sprites/Dash Dust/Splash Drown.unc"
"0x0C3200","0x0C3774","1396","1396","118017","ArtNem_S22POptions","General/S2Menu/Nemesis Art/2P Options.nem"
"0x0C3774","0x0C3946","466","466","118020","ArtNem_1P2PWins","General/S2Menu/Nemesis Art/1P 2P Wins.nem"
"0x0C3946","0x0C3AF2","428","428","118023","MapEni_S22POptions","General/S2Menu/Enigma Map/2P Options.eni"
"0x0C3AF2","0x0C3B72","128","128","118026","ArtNem_S2MenuBox","General/S2Menu/Nemesis Art/Menu Box.nem"
"0x0C3B72","0x0C49CC","3674","3674","118029","ArtNem_S2LevelSelectPics","General/S2Menu/Nemesis Art/Level Select Icons.nem"
"0x0C49CC","0x0C5624","3160","3160","118032","ArtNem_Title_SonicSprites","General/Title/Nemesis Art/S3 Sonic Sprites.nem"
"0x0C5624","0x0C5DA4","1920","1920","118035","DemoDat_AIZ","Levels/AIZ/Demodata/1.bin"
"0x0C5DA4","0x0C6524","1920","1920","118038","DemoDat_HCZ","Levels/HCZ/Demodata/1.bin"
"0x0C6524","0x0C6CA4","1920","1920","118041","DemoDat_MGZ","Levels/MGZ/Demodata/1.bin"
"0x100000","0x110F5F","69471","69471","118394","ArtUnc_Sonic","General/Sprites/Sonic/Art/Sonic CD.unc"
"0x110F60","0x1274A0","91456","91456","118397","ArtUnc_Tails","General/Sprites/Tails/Art/Tails.unc"
"0x1274A0","0x128600","4448","4448","118400","ArtUnc_Tails_Tail","General/Sprites/Tails/Art/Tails tails.unc"
"0x128600","0x12B6C0","12480","12480","118403","ArtUnc_Sonic2P","General/Sprites/Sonic/Art/Sonic 2P.unc"
"0x12B6C0","0x12E460","11680","11680","118406","ArtUnc_Tails2P","General/Sprites/Tails/Art/Tails 2P.unc"
"0x12E460","0x12E9E0","1408","1408","118409","ArtUnc_Tails2P_Tail","General/Sprites/Tails/Art/Tails tails 2P.unc"
"0x12E9E0","0x131E60","13440","13440","118412","ArtUnc_Knuckles2P","General/Sprites/Knuckles/Art/Knuckles 2P.unc"
"0x13503E","0x135106","200","200","118427","ICZSnowboard_Slope1","Levels/ICZ/Misc/ICZ Snowboard Slope 1.bin"
"0x135106","0x1351CE","200","200","118430","ICZSnowboard_Slope2","Levels/ICZ/Misc/ICZ Snowboard Slope 2.bin"
"0x1351CE","0x137A0E","10304","10304","118433","ArtUnc_SonicSnowboard","General/Sprites/Sonic/Art/Sonic Snowboarding.unc"
"0x137A0E","0x137FEE","1504","1504","118436","ArtUnc_Snowboard","General/Sprites/Snowboard/Snowboard.unc"
"0x13835E","0x13889E","1344","1344","118447","ArtNem_AIZIntroSprites","Levels/AIZ/Nemesis Art/Intro Waves.nem"
"0x13889E","0x138B36","664","664","118450","ArtNem_SurfboardSplash","General/Sprites/Surfboard/Surfboard Splash.nem"
"0x138B36","0x138EE0","938","938","118453","ArtNem_Surfboard","General/Sprites/Surfboard/Surfboard.nem"
"0x138EE0","0x1392E0","1024","1024","118456","ArtUnc_Invincibility","General/Sprites/Shields/Invincibility.unc"
"0x1392E0","0x13AA20","5952","5952","118460","ArtUnc_DashDust","General/Sprites/Dash Dust/Dash Dust.unc"
"0x13AA20","0x13AD60","832","832","118463","ArtUnc_SuperSonic_Stars","General/Sprites/Shields/Super Sonic Stars.unc"
"0x13AD60","0x13B3E0","1664","1664","118466","ArtUnc_InstaShield","General/Sprites/Shields/Insta-Shield.unc"
"0x13B3E0","0x13D580","8608","8608","118469","ArtUnc_FireShield","General/Sprites/Shields/Fire Shield.unc"
"0x13D580","0x13E5C0","4160","4160","118472","ArtUnc_LightningShield","General/Sprites/Shields/Lightning Shield.unc"
"0x13E5C0","0x13E660","160","160","118475","ArtUnc_LightningShield_Sparks","General/Sprites/Shields/Sparks.unc"
"0x13E660","0x13F7A0","4416","4416","118479","ArtUnc_BubbleShield","General/Sprites/Shields/Bubble Shield.unc"
"0x13F7A0","0x13F85E","190","190","118482","ArtNem_2PDashdust","General/2P Zone/Nemesis Art/Spindash Dust.nem"
"0x13F85E","0x13F91A","188","188","118485","MapEni_S3TitleSonic1","General/Title/Enigma Map/S3 Sonic 1.eni"
"0x13F91A","0x13F9DC","194","194","118488","MapEni_S3TitleSonic2","General/Title/Enigma Map/S3 Sonic 2.eni"
"0x13F9DC","0x13FAA0","196","196","118491","MapEni_S3TitleSonic3","General/Title/Enigma Map/S3 Sonic 3.eni"
"0x13FAA0","0x13FB64","196","196","118494","MapEni_S3TitleSonic4","General/Title/Enigma Map/S3 Sonic 4.eni"
"0x13FB64","0x13FC28","196","196","118497","MapEni_S3TitleSonic5","General/Title/Enigma Map/S3 Sonic 5.eni"
"0x13FC28","0x13FCEE","198","198","118500","MapEni_S3TitleSonic6","General/Title/Enigma Map/S3 Sonic 6.eni"
"0x13FCEE","0x13FDEC","254","254","118503","MapEni_S3TitleSonic7","General/Title/Enigma Map/S3 Sonic 7.eni"
"0x13FDEC","0x13FED6","234","234","118506","MapEni_S3TitleSonic8","General/Title/Enigma Map/S3 Sonic 8.eni"
"0x13FED6","0x13FFA4","206","206","118509","MapEni_S3TitleSonic9","General/Title/Enigma Map/S3 Sonic 9.eni"
"0x13FFA4","0x140068","196","196","118512","MapEni_S3TitleSonicA","General/Title/Enigma Map/S3 Sonic A.eni"
"0x140068","0x140106","158","158","118515","MapEni_S3TitleSonicB","General/Title/Enigma Map/S3 Sonic B.eni"
"0x140106","0x1401D6","208","208","118518","MapEni_S3TitleSonicC","General/Title/Enigma Map/S3 Sonic C.eni"
"0x1401D6","0x1402D0","250","250","118521","MapEni_S3TitleSonicD","General/Title/Enigma Map/S3 Sonic D.eni"
"0x1402D0","0x14039E","206","206","118524","MapEni_S3TitleBg","General/Title/Enigma Map/S3 BG.eni"
"0x14042A","0x140EE4","2746","2746","118529","ArtNem_Title_S3Banner","General/Title/Nemesis Art/S3 Banner.nem"
"0x140EE4","0x141E44","3936","3936","118532","ArtKos_S3TitleSonic1","General/Title/Kosinski Art/S3 Sonic 1.kos"
"0x141E44","0x1444A4","9824","9824","118535","ArtKos_S3TitleSonic8","General/Title/Kosinski Art/S3 Sonic 8.kos"
"0x1444A4","0x1467A4","8960","8960","118538","ArtKos_S3TitleSonic9","General/Title/Kosinski Art/S3 Sonic 9.kos"
"0x1467A4","0x147C84","5344","5344","118541","ArtKos_S3TitleSonicA","General/Title/Kosinski Art/S3 Sonic A.kos"
"0x147C84","0x148FA4","4896","4896","118544","ArtKos_S3TitleSonicB","General/Title/Kosinski Art/S3 Sonic B.kos"
"0x148FA4","0x14A184","4576","4576","118547","ArtKos_S3TitleSonicC","General/Title/Kosinski Art/S3 Sonic C.kos"
"0x14A184","0x14C9C4","10304","10304","118550","ArtKos_S3TitleSonicD","General/Title/Kosinski Art/S3 Sonic D.kos"
"0x14CA00","0x14CA88","136","136","118553","ArtNem_GrayButton","General/Sprites/Buttons/Gray Button.nem"
"0x14CA88","0x14CBCE","326","326","118556","ArtNem_VerticalSpring","General/Sprites/Level Misc/Vertical Spring.nem"
"0x14CBCE","0x14CCD2","260","260","118559","ArtNem_HorizontalSpring","General/Sprites/Level Misc/Horizontal Spring.nem"
"0x14CCD2","0x14CEBA","488","488","118562","ArtNem_DiagonalSpring","General/Sprites/Level Misc/Diagonal Spring.nem"
"0x14CEBA","0x14CFE6","300","300","118565","ArtNem_HUDText","General/Sprites/HUD Icon/HUD Text.nem"
"0x14CFE6","0x14D0FE","280","280","118568","ArtNem_SonicLifeIcon","General/Sprites/HUD Icon/Sonic Life Icon.nem"
"0x14D0FE","0x14D1E8","234","234","118571","ArtNem_TailsLifeIcon","General/Sprites/HUD Icon/Tails Life Icon.nem"
"0x14D1E8","0x14D2E6","254","254","118574","ArtNem_KnucklesLifeIcon","General/Sprites/HUD Icon/Knuckles Life Icon.nem"
"0x14D2E6","0x14D3DE","248","248","118577","ArtNem_Ring","General/Sprites/Ring/Ring.nem"
"0x14D3DE","0x14D838","1114","1114","118580","ArtNem_Monitors","General/Sprites/Monitors/Monitors.nem"
"0x14D838","0x14D894","92","92","118583","ArtNem_VerticalSpikes","General/Sprites/Level Misc/Vertical Spikes.nem"
"0x14D894","0x14D8FC","104","104","118586","ArtNem_HorizontalSpikes","General/Sprites/Level Misc/Horizontal Spikes.nem"
"0x14D8FC","0x14D9A2","166","166","118589","ArtNem_EnemyPoints","General/Sprites/Enemy Misc/Enemy Points.nem"
"0x14D9A2","0x14DB5A","440","440","118592","ArtNem_StarPost","General/Sprites/Starpost/Starpost.nem"
"0x14DB5A","0x14E2FC","1954","1954","118595","ArtNem_S2Signpost","General/S2Menu/Nemesis Art/Signpost.nem"
"0x14E2FC","0x14E59A","670","670","118598","ArtNem_Bubbles","General/Sprites/Bubbles/Bubbles.nem"
"0x14E59A","0x14E7C0","550","550","118601","ArtNem_GameOver","General/Sprites/Game Over/GameOver.nem"
"0x14E7C0","0x14EB66","934","934","118604","ArtNem_Explosion","General/Sprites/Enemy Misc/Explosion.nem"
"0x14EB66","0x14EE52","748","748","118607","ArtNem_ContinueTails","General/S2Menu/Nemesis Art/Tails Continue Sprites.nem"
"0x14EE52","0x14EFB4","354","354","118610","ArtNem_MiniSonic","General/S2Menu/Nemesis Art/Sonic Continue Icon.nem"
"0x14EFB4","0x14F0FC","328","328","118613","ArtNem_MiniTails","General/S2Menu/Nemesis Art/Tails Continue Icon.nem"
"0x14F0FC","0x14F3EC","752","752","118616","ArtNem_SpikesSprings","General/Sprites/Level Misc/SpikesSprings.nem"
"0x14F3EC","0x14F628","572","572","118619","ArtNem_RingHUDText","General/Sprites/Ring/RingHUDText.nem"
"0x14F628","0x14F86C","580","580","118622","ArtNem_EnemyPtsStarPost","General/Sprites/Enemy Misc/EnemyPtsStarpost.nem"
"0x14F86C","0x14F988","284","284","118625","ArtNem_Seal","General/Sprites/Animals/Seal.nem"
"0x14F988","0x14FAD4","332","332","118628","ArtNem_Pig","General/Sprites/Animals/Pig.nem"
"0x14FAD4","0x14FC06","306","306","118631","ArtNem_BlueFlicky","General/Sprites/Animals/Blue Flicky.nem"
"0x14FC06","0x14FD54","334","334","118634","ArtNem_Chicken","General/Sprites/Animals/Chicken.nem"
"0x14FD54","0x14FEA6","338","338","118637","ArtNem_Penguin","General/Sprites/Animals/Penguin.nem"
"0x14FEA6","0x150004","350","350","118640","ArtNem_Squirrel","General/Sprites/Animals/Squirrel.nem"
"0x150004","0x150158","340","340","118643","ArtNem_Rabbit","General/Sprites/Animals/Rabbit.nem"
"0x154996","0x154B96","512","512","118983","Pal_MGZFadeCNZ","Levels/MGZ/Palettes/Fade to CNZ.bin"
"0x154CF2","0x155360","1646","1646","118988","ArtNem_AIZMiniboss","Levels/AIZ/Nemesis Art/Miniboss.nem"
"0x155360","0x1572A2","8002","8002","118991","ArtKosM_AIZEndBoss","Levels/AIZ/KosinskiM Art/End Boss.kosm"
"0x1572A2","0x15742A","392","392","118994","ArtNem_AIZMinibossSmall","Levels/AIZ/Nemesis Art/Miniboss Small.nem"
"0x15742A","0x157ECA","2720","2720","118997","ArtUnc_AIZRhinobot","General/Sprites/Rhinobot/Rhinobot.unc"
"0x157ECA","0x15810C","578","578","119000","ArtKosM_AIZ_Bloominator","General/Sprites/Bloominator/Bloominator.kosm"
"0x15810C","0x1582FE","498","498","119003","ArtKosM_AIZ_MonkeyDude","General/Sprites/Monkey Dude/Monkey Dude.kosm"
"0x1582FE","0x158500","514","514","119006","ArtKosM_AIZ_CaterkillerJr","General/Sprites/Caterkiller Jr/Caterkiller Jr.kosm"
"0x158500","0x15939E","3742","3742","119009","ArtNem_HCZMiniboss","Levels/HCZ/Nemesis Art/Miniboss.nem"
"0x15939E","0x15A4E0","4418","4418","119012","ArtNem_HCZEndBoss","Levels/HCZ/Nemesis Art/End Boss.nem"
"0x15A4E0","0x15A652","370","370","119015","ArtNem_HCZDragonfly","General/Sprites/Buggernaut/Buggernaut.nem"
"0x15A652","0x15A7C4","370","370","119018","ArtKosM_Jawz","General/Sprites/Jawz/Jawz.kosm"
"0x15A7C4","0x15A8C6","258","258","119021","ArtKosM_MegaChopper","General/Sprites/Mega Chopper/Mega Chopper.kosm"
"0x15A8C6","0x15AA68","418","418","119024","ArtKosM_Blastoid","General/Sprites/Blastoid/Blastoid.kosm"
"0x15AA68","0x15AE8A","1058","1058","119027","ArtKosM_TurboSpiker","General/Sprites/Turbo Spiker/Turbo Spiker.kosm"
"0x15AE8A","0x15B12C","674","674","119030","ArtKosM_Pointdexter","General/Sprites/Pointdexter/Pointdexter.kosm"
"0x15B12C","0x15B3CE","674","674","119033","ArtKosM_MGZMiniboss","Levels/MGZ/KosinskiM Art/Miniboss.kosm"
"0x15B3CE","0x15B440","114","114","119036","ArtNem_MGZSpire","Levels/MGZ/Nemesis Art/Spire.nem"
"0x15B440","0x15C672","4658","4658","119039","ArtKosM_MGZEndBoss","Levels/MGZ/KosinskiM Art/End Boss.kosm"
"0x15C672","0x15D672","4096","4096","119042","ArtScaled_MGZEndBoss","Levels/MGZ/Misc/MGZ End Boss Scaled.bin"
"0x15D672","0x15D7A4","306","306","119045","ArtKosM_MGZEndBossDebris","Levels/MGZ/KosinskiM Art/End Boss Debris.kosm"
"0x15D7A4","0x15E1C4","2592","2592","119048","ArtUnc_BubblesBadnik","General/Sprites/Bubbles Badnik/Bubbles Badnik.unc"
"0x15E1C4","0x15E3D6","530","530","119051","ArtKosM_Spiker","General/Sprites/Spiker/Spiker.kosm"
"0x15E3D6","0x15E648","626","626","119054","ArtKosM_Mantis","General/Sprites/Mantis/Mantis.kosm"
"0x15E648","0x15EB04","1212","1212","119057","ArtNem_CNZMiniboss","Levels/CNZ/Nemesis Art/Miniboss.nem"
"0x15EB04","0x15F018","1300","1300","119060","ArtNem_CNZEndBoss","Levels/CNZ/Nemesis Art/End Boss.nem"
"0x15F018","0x160158","4416","4416","119063","ArtUnc_Clamer","General/Sprites/Clamer/Clamer.unc"
"0x160158","0x1601CA","114","114","119066","ArtKosM_ClamerShot","General/Sprites/Clamer/Clamer Shot.kosm"
"0x1601CA","0x1604EC","802","802","119069","ArtKosM_Sparkle","General/Sprites/Sparkle/Sparkle.kosm"
"0x1604EC","0x16070E","546","546","119072","ArtKosM_Batbot","General/Sprites/Batbot/Batbot.kosm"
"0x16070E","0x1607B0","162","162","119075","ArtKosM_CNZBalloon","Levels/CNZ/KosinskiM Art/Balloon.kosm"
"0x1607B0","0x160D76","1478","1478","119078","ArtNem_FBZMiniboss","Levels/FBZ/Nemesis Art/S3 Miniboss.nem"
"0x160D76","0x161278","1282","1282","119081","ArtNem_FBZ2Subboss","Levels/FBZ/Nemesis Art/Act 2 Subboss.nem"
"0x161278","0x16165A","994","994","119084","ArtNem_FBZEndBoss","Levels/FBZ/Nemesis Art/End Boss.nem"
"0x16165A","0x16195C","770","770","119087","ArtKosM_Blaster","General/Sprites/Blaster/Blaster.kosm"
"0x16195C","0x161C0E","690","690","119090","ArtKosM_Technosqueek","General/Sprites/Technosqueek/Technosqueek.kosm"
"0x161C0E","0x162832","3108","3108","119093","ArtNem_ICZMisc1","Levels/ICZ/Nemesis Art/Misc Art 1.nem"
"0x162832","0x162CB4","1154","1154","119096","ArtNem_ICZIntroSprites","Levels/ICZ/Nemesis Art/Intro Sprites.nem"
"0x162CB4","0x16301E","874","874","119099","ArtNem_ICZMisc2","Levels/ICZ/Nemesis Art/Misc Art 2.nem"
"0x16301E","0x163DCC","3502","3502","119102","ArtNem_ICZEndBoss","Levels/ICZ/Nemesis Art/End Boss.nem"
"0x163DCC","0x164254","1160","1160","119105","ArtNem_ICZMiniboss","Levels/ICZ/Nemesis Art/Miniboss.nem"
"0x164254","0x165234","4064","4064","119108","ArtUnc_Penguinator","General/Sprites/Penguinator/Penguinator.unc"
"0x165234","0x1652C6","146","146","119111","ArtKosM_ICZSnowdust","Levels/ICZ/KosinskiM Art/Snowdust.kosm"
"0x1652C6","0x165458","402","402","119114","ArtKosM_StarPointer","General/Sprites/Star Pointer/Star Pointer.kosm"
"0x165458","0x16577A","802","802","119117","ArtKosM_LBZMiniboss","Levels/LBZ/KosinskiM Art/Miniboss.kosm"
"0x16577A","0x165A9C","802","802","119120","ArtKosM_LBZMinibossBox","Levels/LBZ/KosinskiM Art/Miniboss Box.kosm"
"0x165A9C","0x166642","2982","2982","119123","ArtNem_LBZFinalBoss1","Levels/LBZ/Nemesis Art/Final Boss 1.nem"
"0x166642","0x166974","818","818","119126","ArtKosM_LBZEndBoss","Levels/LBZ/KosinskiM Art/End Boss.kosm"
"0x166974","0x167A96","4386","4386","119129","ArtKosM_LBZFinalBoss2","Levels/LBZ/KosinskiM Art/Final Boss 2.kosm"
"0x167A96","0x167CE8","594","594","119132","ArtKosM_SnaleBlaster","General/Sprites/Snale Blaster/Snale Blaster.kosm"
"0x167CE8","0x167E1A","306","306","119135","ArtKosM_Ribot","General/Sprites/Ribot/Ribot.kosm"
"0x167E1A","0x167EFC","226","226","119138","ArtKosM_Orbinaut","General/Sprites/Orbinaut/Orbinaut.kosm"
"0x167EFC","0x167FBE","194","194","119141","ArtKosM_Corkey","General/Sprites/Corkey/Corkey.kosm"
"0x167FBE","0x1692DE","4896","4896","119144","ArtUnc_Flybot767","General/Sprites/Flybot767/Flybot767.unc"
"0x1692DE","0x16931C","62","62","119147","ArtNem_LBZKnuxBomb","General/Sprites/Knuckles/Cutscene/Knuckles Bomb.nem"
"0x16931C","0x1697EE","1234","1234","119150","ArtKosM_LBZ2DeathEggSmall","Levels/LBZ/KosinskiM Art/Act 2 Death Egg Small.kosm"
"0x1697EE","0x16F7EE","24576","24576","119153","ArtScaled_LBZ2UnusedRobotnik","General/Sprites/Robotnik/Robotnik Fly Scaled.bin"
"0x16F7EE","0x16F900","274","274","119156","ArtKosM_LBZ2DeathEgg2_8x8","Levels/LBZ/Tiles/Act 2 Death Egg 2.kosm"
"0x16F900","0x16FC50","848","848","119159","ArtNem_BossExplosion","General/Sprites/Boss Explosion/Boss Explosion.nem"
"0x16FC50","0x1701A2","1362","1362","119162","ArtNem_AIZBossFire","Levels/AIZ/Nemesis Art/Miniboss Fire.nem"
"0x1701A2","0x17051E","892","892","119165","ArtNem_FBZEndBossFlame","Levels/FBZ/Nemesis Art/End Boss Flame.nem"
"0x17051E","0x170A7A","1372","1372","119168","ArtNem_RobotnikShip","General/Sprites/Robotnik/Ship.nem"
"0x170A7A","0x170CEC","626","626","119171","ArtNem_FBZRobotnikHead","General/Sprites/Robotnik/FBZ Robotnik Head.nem"
"0x170CEC","0x171102","1046","1046","119174","ArtNem_FBZRobotnikStand","General/Sprites/Robotnik/FBZ Robotnik Stand.nem"
"0x171102","0x171566","1124","1124","119177","ArtNem_FBZRobotnikRun","General/Sprites/Robotnik/FBZ Robotnik Run.nem"
"0x171566","0x172266","3328","3328","119180","ArtUnc_EndSigns","General/Sprites/Signpost/End Signs.unc"
"0x172266","0x172280","26","26","119183","ArtNem_SignpostStub","General/Sprites/Signpost/Stub.nem"
"0x172280","0x172724","1188","1188","119186","ArtNem_EggCapsule","General/Sprites/Egg Capsule/Egg Capsule.nem"
"0x172724","0x172EC6","1954","1954","119189","ArtKosM_AIZIntroPlane","Levels/AIZ/KosinskiM Art/Intro Plane.kosm"
"0x172EC6","0x177DA6","20192","20192","119192","ArtUnc_CutsceneKnux","General/Sprites/Knuckles/Cutscene/Cutscene Main.unc"
"0x177DA6","0x177E78","210","210","119195","ArtKosM_AIZIntroEmeralds","Levels/AIZ/KosinskiM Art/Intro Emeralds.kosm"
"0x177E78","0x17A578","9984","9984","119198","ArtUnc_SSEntryRing","General/Sprites/SS Entry/Entry Ring.unc"
"0x17A578","0x17AB18","1440","1440","119201","ArtUnc_SSEntryFlash","General/Sprites/SS Entry/Entry Flash.unc"
"0x17AB18","0x17AF2A","1042","1042","119204","ArtKosM_BadnikExplosion","General/Sprites/SS Entry/Badnik Explosion.kosm"
"0x17AF2A","0x17BA58","2862","2862","119207","ArtNem_BonusStage","Levels/Gumball/Nemesis Art/Gumball Bonus.nem"
"0x17BA58","0x17C29A","2114","2114","119210","ArtKosM_SonicEndPose","General/Ending/KosinskiM Art/Sonic 3 Sonic Ending Pose.kosm"
"0x17C29A","0x17CBBC","2338","2338","119213","ArtKosM_TailsEndPose","General/Ending/KosinskiM Art/Tails Ending Pose.kosm"
"0x17CBBC","0x17D06E","1202","1202","119216","ArtKosM_SuperSonicEndPose","General/Ending/KosinskiM Art/Sonic 3 Super Sonic Ending Pose.kosm"
"0x17D06E","0x17D4E0","1138","1138","119219","ArtNem_S3CreditsText","General/Ending/Nemesis Art/S3 Large Text.nem"
"0x17D4E0","0x17D686","422","422","119222","ArtNem_S38x16Font","General/Ending/Nemesis Art/S3 8x16 Font.nem"
"0x17D686","0x17D82A","420","420","119225","ArtNem_AIZCorkFloor","Levels/AIZ/Nemesis Art/Cork Floor 1.nem"
"0x17D82A","0x17D9BC","402","402","119228","ArtNem_AIZCorkFloor2","Levels/AIZ/Nemesis Art/Cork Floor 2.nem"
"0x17D9BC","0x17DB22","358","358","119231","ArtNem_AIZSwingVine","Levels/AIZ/Nemesis Art/Swing Vine.nem"
"0x17DB22","0x17DC46","292","292","119234","ArtNem_AIZSlideRope","Levels/AIZ/Nemesis Art/Zip Vine.nem"
"0x17DC46","0x17DD90","330","330","119237","ArtNem_AIZBackgroundTree","Levels/AIZ/Nemesis Art/BG Tree.nem"
"0x17DD90","0x17E5D8","2120","2120","119240","ArtNem_AIZMisc1","Levels/AIZ/Nemesis Art/Misc Art 1.nem"
"0x17E5D8","0x17E860","648","648","119243","ArtNem_AIZFallingLog","Levels/AIZ/Nemesis Art/Falling Log.nem"
"0x17E860","0x17FBEC","5004","5004","119246","ArtNem_AIZMisc2","Levels/AIZ/Nemesis Art/Misc Art 2.nem"
"0x17FBEC","0x17FCB4","200","200","119249","ArtNem_HCZSpikeBall","Levels/HCZ/Nemesis Art/Spike Ball.nem"
"0x17FCB4","0x17FDD4","288","288","119252","ArtNem_HCZWaveSplash","Levels/HCZ/Nemesis Art/Wave Splash.nem"
"0x17FDD4","0x17FE88","180","180","119255","ArtNem_HCZButton","Levels/HCZ/Nemesis Art/Button.nem"
"0x17FE88","0x180448","1472","1472","119258","ArtNem_HCZMisc","Levels/HCZ/Nemesis Art/Misc Art.nem"
"0x180448","0x180A00","1464","1464","119261","ArtNem_HCZWaterRush","Levels/HCZ/Nemesis Art/Water Rush.nem"
"0x180A00","0x180D02","770","770","119264","ArtKosM_HCZLargeFan","Levels/HCZ/KosinskiM Art/Large Fan.kosm"
"0x180D02","0x181494","1938","1938","119267","ArtKosM_HCZGeyserHorz","Levels/HCZ/KosinskiM Art/Geyser Horizontal.kosm"
"0x181494","0x181C36","1954","1954","119270","ArtKosM_HCZGeyserVert","Levels/HCZ/KosinskiM Art/Geyser Vertical.kosm"
"0x181C36","0x18214C","1302","1302","119273","ArtNem_HCZ2Slide","Levels/HCZ/Nemesis Art/Act 2 Slide.nem"
"0x18214C","0x182494","840","840","119276","ArtNem_HCZ2BlockPlat","Levels/HCZ/Nemesis Art/Act 2 Block Platform.nem"
"0x182494","0x182C14","1920","1920","119279","ArtUnc_HCZWaterSplash2","Levels/HCZ/Animated Tiles/Water Splash 2.unc"
"0x182C14","0x183814","3072","3072","119282","ArtUnc_HCZWaterSplash","Levels/HCZ/Animated Tiles/Water Splash.unc"
"0x183814","0x18392E","282","282","119285","ArtNem_HCZ2KnuxWall","Levels/HCZ/Nemesis Art/Act 2 Knuckles Wall.nem"
"0x18392E","0x18436C","2622","2622","119288","ArtNem_MGZMisc1","Levels/MGZ/Nemesis Art/Misc Art 1.nem"
"0x18436C","0x18497C","1552","1552","119291","ArtNem_MGZMisc2","Levels/MGZ/Nemesis Art/Misc Art 2.nem"
"0x18497C","0x184BB6","570","570","119294","ArtNem_MGZSigns","Levels/MGZ/Nemesis Art/Direction Signs.nem"
"0x184BB6","0x185974","3518","3518","119297","ArtNem_CNZMisc","Levels/CNZ/Nemesis Art/Misc Art.nem"
"0x185974","0x185ADE","362","362","119300","ArtNem_CNZPlatform","Levels/CNZ/Nemesis Art/Platform.nem"
"0x185ADE","0x1865FC","2846","2846","119303","ArtNem_LBZMisc","Levels/LBZ/Nemesis Art/Misc Art.nem"
"0x1865FC","0x186860","612","612","119306","ArtNem_LBZTubeTrans","Levels/LBZ/Nemesis Art/Tube Transport.nem"
"0x186860","0x186C9C","1084","1084","119309","ArtNem_LBZ2Misc","Levels/LBZ/Nemesis Art/Act 2 Misc Art.nem"
"0x186C9C","0x186E10","372","372","119312","ArtNem_2PArt_1","General/2P Zone/Nemesis Art/Misc Art 1.nem"
"0x186E10","0x187002","498","498","119315","ArtNem_2PArt_2","General/2P Zone/Nemesis Art/Misc Art 2.nem"
"0x187002","0x1874F8","1270","1270","119318","ArtNem_2PArt_3","General/2P Zone/Nemesis Art/Misc Art 3.nem"
"0x1874F8","0x187670","376","376","119321","ArtNem_2PStartPost","General/2P Zone/Nemesis Art/Start Post.nem"
"0x187670","0x187CCA","1626","1626","119324","ArtNem_2PTime","General/2P Zone/Nemesis Art/Time Display.nem"
"0x187CCA","0x1881C4","1274","1274","119327","ArtNem_2PLapNum","General/2P Zone/Nemesis Art/Lap Numbers.nem"
"0x1881C4","0x18825E","154","154","119330","ArtNem_2PPosIcon","General/2P Zone/Nemesis Art/Position Icons.nem"
"0x18825E","0x188AA8","2122","2122","119333","ArtNem_BPZMisc","Levels/BPZ/Nemesis Art/Misc Art.nem"
"0x188AA8","0x1897BE","3350","3350","119336","ArtNem_DPZMisc","Levels/DPZ/Nemesis Art/Misc Art.nem"
"0x1897BE","0x189B32","884","884","119339","ArtNem_CGZMisc","Levels/CGZ/Nemesis Art/Platform.nem"
"0x189B32","0x189DC4","658","658","119342","ArtNem_EMZMisc","Levels/EMZ/Nemesis Art/Misc Art.nem"
"0x189DC4","0x18A886","2754","2754","119345","ArtKosM_AIZ2Bombership2_8x8","Levels/AIZ/Tiles/Act 2 Bombership 2.kosm"
"0x18A886","0x18AB18","658","658","119348","ArtKosM_ResultsSONIC","General/Sprites/Results/Results SONIC S3.kosm"
"0x18AB18","0x18AC6A","338","338","119351","ArtKosM_ResultsMILES","General/Sprites/Results/Results MILES.kosm"
"0x18AC6A","0x18ADAC","322","322","119354","ArtKosM_ResultsTAILS","General/Sprites/Results/Results TAILS.kosm"
"0x18ADAC","0x18B01E","626","626","119357","ArtKosM_ResultsKNUCKLES","General/Sprites/Results/Results KNUCKLES.kosm"
"0x18B01E","0x18B340","802","802","119360","ArtKosM_ResultsGeneral","General/Sprites/Results/Results General.kosm"
"0x18B340","0x18B402","194","194","119363","ArtKosM_TitleCardNum1","General/Sprites/Title Card/Title Card Number 1.kosm"
"0x18B402","0x18B4E4","226","226","119366","ArtKosM_TitleCardNum2","General/Sprites/Title Card/Title Card Number 2.kosm"
"0x18B4E6","0x18BB66","1664","1664","119371","ArtKos_SSResultsGeneral","General/Special Stage/Kosinski Art/S3 SSResults General.kos"
"0x18BB66","0x18BCE6","384","384","119373","ArtKos_SSResultsTKIcons","General/Special Stage/Kosinski Art/S3 SSResults Tails Knuckles Icons.kos"
"0x18BCE6","0x18BEC8","482","482","119376","ArtKosM_TitleCardRedAct","General/Sprites/Title Card/Title Card Red ACT.kosm"
"0x18BEC8","0x18BFDA","274","274","119379","ArtKosM_AIZTitleCard","Levels/AIZ/KosinskiM Art/Title Card.kosm"
"0x18BFDA","0x18C12C","338","338","119382","ArtKosM_HCZTitleCard","Levels/HCZ/KosinskiM Art/Title Card.kosm"
"0x18C12C","0x18C2EE","450","450","119385","ArtKosM_MGZTitleCard","Levels/MGZ/KosinskiM Art/Title Card.kosm"
"0x18C2EE","0x18C480","402","402","119388","ArtKosM_CNZTitleCard","Levels/CNZ/KosinskiM Art/Title Card.kosm"
"0x18C480","0x18C5E2","354","354","119391","ArtKosM_FBZTitleCard","Levels/FBZ/KosinskiM Art/Title Card.kosm"
"0x18C5E2","0x18C6B4","210","210","119394","ArtKosM_ICZTitleCard","Levels/ICZ/KosinskiM Art/Title Card.kosm"
"0x18C6B4","0x18C806","338","338","119397","ArtKosM_LBZTitleCard","Levels/LBZ/KosinskiM Art/Title Card.kosm"
"0x18C806","0x18C9B8","434","434","119400","ArtKosM_ALZTitleCard","Levels/ALZ/KosinskiM Art/Title Card.kosm"
"0x18C9B8","0x18CBDA","546","546","119403","ArtKosM_BPZTitleCard","Levels/BPZ/KosinskiM Art/Title Card.kosm"
"0x18CBDA","0x18CE1C","578","578","119406","ArtKosM_CGZTitleCard","Levels/CGZ/KosinskiM Art/Title Card.kosm"
"0x18CE1C","0x18D01E","514","514","119409","ArtKosM_DPZTitleCard","Levels/DPZ/KosinskiM Art/Title Card.kosm"
"0x18D01E","0x18D200","482","482","119412","ArtKosM_EMZTitleCard","Levels/EMZ/KosinskiM Art/Title Card.kosm"
"0x18D200","0x18D362","354","354","119415","ArtKosM_BonusTitleCard","General/Sprites/Title Card/Bonus Title Card.kosm"
"0x18D362","0x18D382","32","32","119418","Pal_SaveMenuBG","General/Save Menu/Palettes/BG.bin"
"0x18D382","0x18D3A2","32","32","119421","Pal_CompetitionMenuBG","General/Competition Menu/Palettes/BG.bin"
"0x18D3A2","0x18D5A4","514","514","119424","MapEni_S3MenuBG","General/Save Menu/Enigma Map/Menu BG.eni"
"0x18D5A4","0x18F204","7264","7264","119427","ArtKos_S3MenuBG","General/Save Menu/Kosinski Art/Menu BG.kos"
"0x18F204","0x18F250","76","76","119430","MapEni_CompetitionLevBorder","General/Competition Menu/Enigma Map/Level Border.eni"
"0x18F250","0x18F328","216","216","119433","MapUnc_CompetitionTimeBorder","General/Competition Menu/Uncompressed Map/Time Border.bin"
"0x18F328","0x18F34C","36","36","119436","MapUnc_CompetitionBESTTIME","General/Competition Menu/Uncompressed Map/Time Text.bin"
"0x18F34C","0x18F46C","288","288","119439","MapEni_CompetitionLevImage","General/Competition Menu/Enigma Map/Level Images.eni"
"0x18F46C","0x18F56E","258","258","119442","MapEni_CompetitionLevName","General/Competition Menu/Enigma Map/Level Names.eni"
"0x18F56E","0x18F97E","1040","1040","119445","ArtKos_CompetitionMode","General/Competition Menu/Kosinski Art/Mode Select.kos"
"0x18F97E","0x1917BE","7744","7744","119448","ArtKos_CompetitionLevel","General/Competition Menu/Kosinski Art/Level Select.kos"
"0x1917BE","0x191BEE","1072","1072","119451","ArtKos_CompetitionResults","General/Competition Menu/Kosinski Art/Results.kos"
"0x191C30","0x192120","1264","1264","119456","ArtKos_CompetitionPlayer","General/Competition Menu/Kosinski Art/Player Sprites.kos"
"0x192120","0x1921DE","190","190","119459","MapEni_SaveScreen_Layout","General/Save Menu/Enigma Map/Save Screen Layout.eni"
"0x1921DE","0x19226A","140","140","119462","MapUnc_SaveScreenNEW","General/Save Menu/Uncompressed Map/NEW.bin"
"0x19227A","0x192306","140","140","119470","MapUnc_SaveScreenStatic1","General/Save Menu/Uncompressed Map/Static 1.bin"
"0x192306","0x192392","140","140","119473","MapUnc_SaveScreenStatic2","General/Save Menu/Uncompressed Map/Static 2.bin"
"0x192392","0x19241E","140","140","119476","MapUnc_SaveScreenStatic3","General/Save Menu/Uncompressed Map/Static 3.bin"
"0x19241E","0x1924AA","140","140","119479","MapUnc_SaveScreenStatic4","General/Save Menu/Uncompressed Map/Static 4.bin"
"0x1924AA","0x19384A","5024","5024","119482","ArtKos_SaveScreenMisc","General/Save Menu/Kosinski Art/Misc.kos"
"0x19384A","0x193A4A","512","512","119485","AIZ1_16x16_Primary_Kos","Levels/AIZ/Blocks/Act 1 Primary.kos"
"0x193A4A","0x19468A","3136","3136","119488","AIZ1_16x16_Secondary_Kos","Levels/AIZ/Blocks/Act 1 Secondary.kos"
"0x19468A","0x19576A","4320","4320","119491","AIZ1_16x16_MainLevel_Kos","Levels/AIZ/Blocks/Act 1 Main Level.kos"
"0x19576A","0x19657C","3602","3602","119494","AIZ1_8x8_Primary_KosM","Levels/AIZ/Tiles/Act 1 Primary.kosm"
"0x19657C","0x19954E","12242","12242","119497","AIZ1_8x8_Secondary_KosM","Levels/AIZ/Tiles/Act 1 Secondary.kosm"
"0x19954E","0x19BD40","10226","10226","119500","AIZ1_8x8_MainLevel_KosM","Levels/AIZ/Tiles/Act 1 Main Level.kosm"
"0x19BD40","0x19F6D0","14736","14736","119503","AIZ1_128x128_Kos","Levels/AIZ/Chunks/Act 1.kos"
"0x19F6D0","0x1A0152","2690","2690","119506","AIZ1_8x8_Flames_KosM","Levels/AIZ/Tiles/Act 1 Fire Overlay.kosm"
"0x1A0152","0x1A09F2","2208","2208","119509","AIZ2_16x16_Primary_Kos","Levels/AIZ/Blocks/Act 2 Primary.kos"
"0x1A09F2","0x1A1472","2688","2688","119512","AIZ2_16x16_Secondary_Kos","Levels/AIZ/Blocks/Act 2 Secondary.kos"
"0x1A1472","0x1A16D2","608","608","119515","AIZ2_16x16_BomberShip_Kos","Levels/AIZ/Blocks/Act 2 BomberShip.kos"
"0x1A16D2","0x1A3884","8626","8626","119518","AIZ2_8x8_Primary_KosM","Levels/AIZ/Tiles/Act 2 Primary.kosm"
"0x1A3884","0x1A49C6","4418","4418","119521","AIZ2_8x8_Secondary_KosM","Levels/AIZ/Tiles/Act 2 Secondary.kosm"
"0x1A49C6","0x1A52E8","2338","2338","119524","AIZ2_8x8_BomberShip_KosM","Levels/AIZ/Tiles/Act 2 Bombership.kosm"
"0x1A52E8","0x1A92F8","16400","16400","119527","AIZ2_128x128_Kos","Levels/AIZ/Chunks/Act 2.kos"
"0x1A92F8","0x1A9768","1136","1136","119530","HCZ_16x16_Primary_Kos","Levels/HCZ/Blocks/Primary.kos"
"0x1A9768","0x1AA3AA","3138","3138","119533","HCZ_8x8_Primary_KosM","Levels/HCZ/Tiles/Primary.kosm"
"0x1AA3AA","0x1AA6EA","832","832","119536","HCZ_128x128_Primary_Kos","Levels/HCZ/Chunks/Primary.kos"
"0x1AA6EA","0x1AAF7A","2192","2192","119539","HCZ1_16x16_Secondary_Kos","Levels/HCZ/Blocks/Act 1 Secondary.kos"
"0x1AAF7A","0x1AD1CC","8786","8786","119542","HCZ1_8x8_Secondary_KosM","Levels/HCZ/Tiles/Act 1 Secondary.kosm"
"0x1AD1CC","0x1AF27C","8368","8368","119545","HCZ1_128x128_Secondary_Kos","Levels/HCZ/Chunks/Act 1 Secondary.kos"
"0x1AF27C","0x1AFB6C","2288","2288","119548","HCZ2_16x16_Secondary_Kos","Levels/HCZ/Blocks/Act 2 Secondary.kos"
"0x1AFB6C","0x1B19EE","7810","7810","119551","HCZ2_8x8_Secondary_KosM","Levels/HCZ/Tiles/Act 2 Secondary.kosm"
"0x1B19EE","0x1B366E","7296","7296","119554","HCZ2_128x128_Secondary_Kos","Levels/HCZ/Chunks/Act 2 Secondary.kos"
"0x1B366E","0x1B3FBE","2384","2384","119557","MGZ_16x16_Primary_Kos","Levels/MGZ/Blocks/Primary.kos"
"0x1B3FBE","0x1B6560","9634","9634","119560","MGZ_8x8_Primary_KosM","Levels/MGZ/Tiles/Primary.kosm"
"0x1B6560","0x1B8860","8960","8960","119563","MGZ_128x128_Primary_Kos","Levels/MGZ/Chunks/Primary.kos"
"0x1B8860","0x1B8B70","784","784","119566","MGZ1_16x16_Secondary_Kos","Levels/MGZ/Blocks/Act 1 Secondary.kos"
"0x1B8B70","0x1B9552","2530","2530","119569","MGZ1_8x8_Secondary_KosM","Levels/MGZ/Tiles/Act 1 Secondary.kosm"
"0x1B9552","0x1B9DD2","2176","2176","119572","MGZ1_128x128_Secondary_Kos","Levels/MGZ/Chunks/Act 1 Secondary.kos"
"0x1B9DD2","0x1BA232","1120","1120","119575","MGZ2_16x16_Secondary_Kos","Levels/MGZ/Blocks/Act 2 Secondary.kos"
"0x1BA232","0x1BB2C4","4242","4242","119578","MGZ2_8x8_Secondary_KosM","Levels/MGZ/Tiles/Act 2 Secondary.kosm"
"0x1BB2C4","0x1BBCB4","2544","2544","119581","MGZ2_128x128_Secondary_Kos","Levels/MGZ/Chunks/Act 2 Secondary.kos"
"0x1BBCB4","0x1BCD34","4224","4224","119584","MGZ2_QuakeChunks","Levels/MGZ/Misc/Act 2 Quake Chunks.bin"
"0x1BCD34","0x1BDD74","4160","4160","119587","CNZ_16x16_Kos","Levels/CNZ/Blocks/Primary.kos"
"0x1BDD74","0x1C0F96","12834","12834","119590","CNZ_8x8_KosM","Levels/CNZ/Tiles/Primary.kosm"
"0x1C0F96","0x1C40B6","12576","12576","119593","CNZ_128x128_Kos","Levels/CNZ/Chunks/Primary.kos"
"0x1C40B6","0x1C4396","736","736","119602","ICZ_16x16_Primary_Kos","Levels/ICZ/Blocks/Primary.kos"
"0x1C4396","0x1C57A8","5138","5138","119605","ICZ_8x8_Primary_KosM","Levels/ICZ/Tiles/Primary.kosm"
"0x1C57A8","0x1C5A58","688","688","119608","ICZ_128x128_Primary_Kos","Levels/ICZ/Chunks/Primary.kos"
"0x1C5A58","0x1C65C8","2928","2928","119611","ICZ1_16x16_Secondary_Kos","Levels/ICZ/Blocks/Act 1 Secondary.kos"
"0x1C65C8","0x1C854A","8066","8066","119614","ICZ1_8x8_Secondary_KosM","Levels/ICZ/Tiles/Act 1 Secondary.kosm"
"0x1C854A","0x1CA36A","7712","7712","119617","ICZ1_128x128_Secondary_Kos","Levels/ICZ/Chunks/Act 1 Secondary.kos"
"0x1CA36A","0x1CB00A","3232","3232","119620","ICZ2_16x16_Secondary_Kos","Levels/ICZ/Blocks/Act 2 Secondary.kos"
"0x1CB00A","0x1CD0BC","8370","8370","119623","ICZ2_8x8_Secondary_KosM","Levels/ICZ/Tiles/Act 2 Secondary.kosm"
"0x1CD0BC","0x1CEB8C","6864","6864","119626","ICZ2_128x128_Secondary_Kos","Levels/ICZ/Chunks/Act 2 Secondary.kos"
"0x1CEB8C","0x1CF0CC","1344","1344","119629","LBZ_16x16_Primary_Kos","Levels/LBZ/Blocks/Primary.kos"
"0x1CF0CC","0x1CFBBC","2800","2800","119632","LBZ1_16x16_Secondary_Kos","Levels/LBZ/Blocks/Act 1 Secondary.kos"
"0x1CFBBC","0x1D130E","5970","5970","119635","LBZ_8x8_Primary_KosM","Levels/LBZ/Tiles/Primary.kosm"
"0x1D130E","0x1D2F40","7218","7218","119638","LBZ1_8x8_Secondary_KosM","Levels/LBZ/Tiles/Act 1 Secondary.kosm"
"0x1D2F40","0x1D30A0","352","352","119641","LBZ1_Unknown_Kos","Levels/LBZ/Chunks/Unknown Unused.kos"
"0x1D30A0","0x1D6070","12240","12240","119644","LBZ1_128x128_Kos","Levels/LBZ/Chunks/Act 1.kos"
"0x1D6070","0x1D6AB0","2624","2624","119647","LBZ2_16x16_Secondary_Kos","Levels/LBZ/Blocks/Act 2 Secondary.kos"
"0x1D6AB0","0x1D78D0","3616","3616","119650","LBZ2_16x16_DeathEgg_Kos","Levels/LBZ/Blocks/Act 2 Death Egg.kos"
"0x1D78D0","0x1D9072","6050","6050","119653","LBZ2_8x8_Secondary_KosM","Levels/LBZ/Tiles/Act 2 Secondary.kosm"
"0x1D9072","0x1DB004","8082","8082","119656","LBZ2_8x8_DeathEgg_KosM","Levels/LBZ/Tiles/Act 2 Death Egg.kosm"
"0x1DB004","0x1DD4D4","9424","9424","119659","LBZ2_128x128_Kos","Levels/LBZ/Chunks/Act 2.kos"
"0x1DD4D4","0x1DE1C4","3312","3312","119662","LBZ2_128x128_DeathEgg_Kos","Levels/LBZ/Chunks/Act 2 Death Egg.kos"
"0x1DE1C4","0x1DEC84","2752","2752","119671","ALZ_16x16_Kos","Levels/ALZ/Blocks/Primary.kos"
"0x1DEC84","0x1E1A36","11698","11698","119674","ALZ_8x8_KosM","Levels/ALZ/Tiles/Primary.kosm"
"0x1E1A36","0x1E20C6","1680","1680","119677","ALZ_128x128_Kos","Levels/ALZ/Chunks/Primary.kos"
"0x1E20C6","0x1E2996","2256","2256","119680","BPZ_16x16_Kos","Levels/BPZ/Blocks/Primary.kos"
"0x1E2996","0x1E4978","8162","8162","119683","BPZ_8x8_KosM","Levels/BPZ/Tiles/Primary.kosm"
"0x1E4978","0x1E5068","1776","1776","119686","BPZ_128x128_Kos","Levels/BPZ/Chunks/Primary.kos"
"0x1E5068","0x1E5A48","2528","2528","119689","DPZ_16x16_Kos","Levels/DPZ/Blocks/Primary.kos"
"0x1E5A48","0x1E753A","6898","6898","119692","DPZ_8x8_KosM","Levels/DPZ/Tiles/Primary.kosm"
"0x1E753A","0x1E7B6A","1584","1584","119695","DPZ_128x128_Kos","Levels/DPZ/Chunks/Primary.kos"
"0x1E7B6A","0x1E82BA","1872","1872","119698","CGZ_16x16_Kos","Levels/CGZ/Blocks/Primary.kos"
"0x1E82BA","0x1EA85C","9634","9634","119701","CGZ_8x8_KosM","Levels/CGZ/Tiles/Primary.kosm"
"0x1EA85C","0x1EAD1C","1216","1216","119704","CGZ_128x128_Kos","Levels/CGZ/Chunks/Primary.kos"
"0x1EAD1C","0x1EB7CC","2736","2736","119707","EMZ_16x16_Kos","Levels/EMZ/Blocks/Primary.kos"
"0x1EB7CC","0x1EE3FE","11314","11314","119710","EMZ_8x8_KosM","Levels/EMZ/Tiles/Primary.kosm"
"0x1EE3FE","0x1EEB0E","1808","1808","119713","EMZ_128x128_Kos","Levels/EMZ/Chunks/Primary.kos"
"0x1EEB0E","0x1EEF2E","1056","1056","119716","Gumball_16x16_Kos","Levels/Gumball/Blocks/Primary.kos"
"0x1EEF2E","0x1EFC80","3410","3410","119719","Gumball_8x8_KosM","Levels/Gumball/Tiles/Gumball.kosm"
"0x1EFC80","0x1F0020","928","928","119722","Gumball_128x128_Kos","Levels/Gumball/Chunks/Primary.kos"
